{"cameraMode":{"drawMode":0,"name":"Shaded","section":"Shading Mode"},"sceneLighting":true,"audioPlay":false,"sceneViewState":{"m_AlwaysRefresh":false,"showFog":true,"showSkybox":true,"showFlares":true,"showImageEffects":true,"showParticleSystems":true,"showVisualEffectGraphs":true,"m_FxEnabled":false},"in2DMode":false,"pivot":{"x":375.720947265625,"y":524.2213745117188,"z":-385.6131896972656},"rotation":{"x":0.21226274967193604,"y":0.008794795721769333,"z":-0.0019103927770629526,"w":0.9771741032600403},"size":731.7766723632813,"orthographic":false}